Magasins de jouets,paris
Magasins de jouets,marseille
Magasins de jouets,lyon
Magasins de jouets,toulouse
Magasins de jouets,nice
Magasins de jouets,nantes
Magasins de jouets,montpellier
Magasins de jouets,strasbourg
Magasins de jouets,bordeaux
Magasins de jouets,lille
Magasins de jouets,rennes
Magasins de jouets,reims
Magasins de jouets,toulon
Magasins de jouets,le havre
Magasins de jouets,grenoble
Magasins de jouets,dijon
Magasins de jouets,angers
Magasins de jouets,nimes
Magasins de jouets,saint-etienne
Magasins de jouets,villeurbanne
Magasins de jouets,clermont-ferrand
Magasins de jouets,le mans
Magasins de jouets,aix-en-provence
Magasins de jouets,brest
Magasins de jouets,tours
Magasins de jouets,amiens
Magasins de jouets,limoges
Magasins de jouets,annecy
Magasins de jouets,perpignan
Magasins de jouets,besancon
Magasins de jouets,boulogne-billancourt
Magasins de jouets,metz
Magasins de jouets,orléans
Magasins de jouets,saint-denis
Magasins de jouets,argenteuil
Magasins de jouets,rouen
Magasins de jouets,montreuil
Magasins de jouets,nancy
Magasins de jouets,avignon
Magasins de jouets,tourcoing
Magasins de jouets,nanterre
Magasins de jouets,creteil
Magasins de jouets,poitiers
Magasins de jouets,versailles
Magasins de jouets,pau
Magasins de jouets,courbevoie
Magasins de jouets,colombes
Magasins de jouets,asnieres-sur-seine
Magasins de jouets,aulnay-sous-bois
Magasins de jouets,saint-paul
Salon esthetique,paris
Salon esthetique,marseille
Salon esthetique,lyon
Salon esthetique,toulouse
Salon esthetique,nice
Salon esthetique,nantes
Salon esthetique,montpellier
Salon esthetique,strasbourg
Salon esthetique,bordeaux
Salon esthetique,lille
Salon esthetique,rennes
Salon esthetique,reims
Salon esthetique,toulon
Salon esthetique,le havre
Salon esthetique,grenoble
Salon esthetique,dijon
Salon esthetique,angers
Salon esthetique,nimes
Salon esthetique,saint-etienne
Salon esthetique,villeurbanne
Salon esthetique,clermont-ferrand
Salon esthetique,le mans
Salon esthetique,aix-en-provence
Salon esthetique,brest
Salon esthetique,tours
Salon esthetique,amiens
Salon esthetique,limoges
Salon esthetique,annecy
Salon esthetique,perpignan
Salon esthetique,besancon
Salon esthetique,boulogne-billancourt
Salon esthetique,metz
Salon esthetique,orléans
Salon esthetique,saint-denis
Salon esthetique,argenteuil
Salon esthetique,rouen
Salon esthetique,montreuil
Salon esthetique,nancy
Salon esthetique,avignon
Salon esthetique,tourcoing
Salon esthetique,nanterre
Salon esthetique,creteil
Salon esthetique,poitiers
Salon esthetique,versailles
Salon esthetique,pau
Salon esthetique,courbevoie
Salon esthetique,colombes
Salon esthetique,asnieres-sur-seine
Salon esthetique,aulnay-sous-bois
Salon esthetique,saint-paul
Agence de voyage,paris
Agence de voyage,marseille
Agence de voyage,lyon
Agence de voyage,toulouse
Agence de voyage,nice
Agence de voyage,nantes
Agence de voyage,montpellier
Agence de voyage,strasbourg
Agence de voyage,bordeaux
Agence de voyage,lille
Agence de voyage,rennes
Agence de voyage,reims
Agence de voyage,toulon
Agence de voyage,le havre
Agence de voyage,grenoble
Agence de voyage,dijon
Agence de voyage,angers
Agence de voyage,nimes
Agence de voyage,saint-etienne
Agence de voyage,villeurbanne
Agence de voyage,clermont-ferrand
Agence de voyage,le mans
Agence de voyage,aix-en-provence
Agence de voyage,brest
Agence de voyage,tours
Agence de voyage,amiens
Agence de voyage,limoges
Agence de voyage,annecy
Agence de voyage,perpignan
Agence de voyage,besancon
Agence de voyage,boulogne-billancourt
Agence de voyage,metz
Agence de voyage,orléans
Agence de voyage,saint-denis
Agence de voyage,argenteuil
Agence de voyage,rouen
Agence de voyage,montreuil
Agence de voyage,nancy
Agence de voyage,avignon
Agence de voyage,tourcoing
Agence de voyage,nanterre
Agence de voyage,creteil
Agence de voyage,poitiers
Agence de voyage,versailles
Agence de voyage,pau
Agence de voyage,courbevoie
Agence de voyage,colombes
Agence de voyage,asnieres-sur-seine
Agence de voyage,aulnay-sous-bois
Agence de voyage,saint-paul
Service d'aide a la personne,paris
Service d'aide a la personne,marseille
Service d'aide a la personne,lyon
Service d'aide a la personne,toulouse
Service d'aide a la personne,nice
Service d'aide a la personne,nantes
Service d'aide a la personne,montpellier
Service d'aide a la personne,strasbourg
Service d'aide a la personne,bordeaux
Service d'aide a la personne,lille
Service d'aide a la personne,rennes
Service d'aide a la personne,reims
Service d'aide a la personne,toulon
Service d'aide a la personne,le havre
Service d'aide a la personne,grenoble
Service d'aide a la personne,dijon
Service d'aide a la personne,angers
Service d'aide a la personne,nimes
Service d'aide a la personne,saint-etienne
Service d'aide a la personne,villeurbanne
Service d'aide a la personne,clermont-ferrand
Service d'aide a la personne,le mans
Service d'aide a la personne,aix-en-provence
Service d'aide a la personne,brest
Service d'aide a la personne,tours
Service d'aide a la personne,amiens
Service d'aide a la personne,limoges
Service d'aide a la personne,annecy
Service d'aide a la personne,perpignan
Service d'aide a la personne,besancon
Service d'aide a la personne,boulogne-billancourt
Service d'aide a la personne,metz
Service d'aide a la personne,orléans
Service d'aide a la personne,saint-denis
Service d'aide a la personne,argenteuil
Service d'aide a la personne,rouen
Service d'aide a la personne,montreuil
Service d'aide a la personne,nancy
Service d'aide a la personne,avignon
Service d'aide a la personne,tourcoing
Service d'aide a la personne,nanterre
Service d'aide a la personne,creteil
Service d'aide a la personne,poitiers
Service d'aide a la personne,versailles
Service d'aide a la personne,pau
Service d'aide a la personne,courbevoie
Service d'aide a la personne,colombes
Service d'aide a la personne,asnieres-sur-seine
Service d'aide a la personne,aulnay-sous-bois
Service d'aide a la personne,saint-paul
Concessionnaire automobile (independant),paris
Concessionnaire automobile (independant),marseille
Concessionnaire automobile (independant),lyon
Concessionnaire automobile (independant),toulouse
Concessionnaire automobile (independant),nice
Concessionnaire automobile (independant),nantes
Concessionnaire automobile (independant),montpellier
Concessionnaire automobile (independant),strasbourg
Concessionnaire automobile (independant),bordeaux
Concessionnaire automobile (independant),lille
Concessionnaire automobile (independant),rennes
Concessionnaire automobile (independant),reims
Concessionnaire automobile (independant),toulon
Concessionnaire automobile (independant),le havre
Concessionnaire automobile (independant),grenoble
Concessionnaire automobile (independant),dijon
Concessionnaire automobile (independant),angers
Concessionnaire automobile (independant),nimes
Concessionnaire automobile (independant),saint-etienne
Concessionnaire automobile (independant),villeurbanne
Concessionnaire automobile (independant),clermont-ferrand
Concessionnaire automobile (independant),le mans
Concessionnaire automobile (independant),aix-en-provence
Concessionnaire automobile (independant),brest
Concessionnaire automobile (independant),tours
Concessionnaire automobile (independant),amiens
Concessionnaire automobile (independant),limoges
Concessionnaire automobile (independant),annecy
Concessionnaire automobile (independant),perpignan
Concessionnaire automobile (independant),besancon
Concessionnaire automobile (independant),boulogne-billancourt
Concessionnaire automobile (independant),metz
Concessionnaire automobile (independant),orléans
Concessionnaire automobile (independant),saint-denis
Concessionnaire automobile (independant),argenteuil
Concessionnaire automobile (independant),rouen
Concessionnaire automobile (independant),montreuil
Concessionnaire automobile (independant),nancy
Concessionnaire automobile (independant),avignon
Concessionnaire automobile (independant),tourcoing
Concessionnaire automobile (independant),nanterre
Concessionnaire automobile (independant),creteil
Concessionnaire automobile (independant),poitiers
Concessionnaire automobile (independant),versailles
Concessionnaire automobile (independant),pau
Concessionnaire automobile (independant),courbevoie
Concessionnaire automobile (independant),colombes
Concessionnaire automobile (independant),asnieres-sur-seine
Concessionnaire automobile (independant),aulnay-sous-bois
Concessionnaire automobile (independant),saint-paul
Bijouterie,paris
Bijouterie,marseille
Bijouterie,lyon
Bijouterie,toulouse
Bijouterie,nice
Bijouterie,nantes
Bijouterie,montpellier
Bijouterie,strasbourg
Bijouterie,bordeaux
Bijouterie,lille
Bijouterie,rennes
Bijouterie,reims
Bijouterie,toulon
Bijouterie,le havre
Bijouterie,grenoble
Bijouterie,dijon
Bijouterie,angers
Bijouterie,nimes
Bijouterie,saint-etienne
Bijouterie,villeurbanne
Bijouterie,clermont-ferrand
Bijouterie,le mans
Bijouterie,aix-en-provence
Bijouterie,brest
Bijouterie,tours
Bijouterie,amiens
Bijouterie,limoges
Bijouterie,annecy
Bijouterie,perpignan
Bijouterie,besancon
Bijouterie,boulogne-billancourt
Bijouterie,metz
Bijouterie,orléans
Bijouterie,saint-denis
Bijouterie,argenteuil
Bijouterie,rouen
Bijouterie,montreuil
Bijouterie,nancy
Bijouterie,avignon
Bijouterie,tourcoing
Bijouterie,nanterre
Bijouterie,creteil
Bijouterie,poitiers
Bijouterie,versailles
Bijouterie,pau
Bijouterie,courbevoie
Bijouterie,colombes
Bijouterie,asnieres-sur-seine
Bijouterie,aulnay-sous-bois
Bijouterie,saint-paul
Entreprise de nettoyage,paris
Entreprise de nettoyage,marseille
Entreprise de nettoyage,lyon
Entreprise de nettoyage,toulouse
Entreprise de nettoyage,nice
Entreprise de nettoyage,nantes
Entreprise de nettoyage,montpellier
Entreprise de nettoyage,strasbourg
Entreprise de nettoyage,bordeaux
Entreprise de nettoyage,lille
Entreprise de nettoyage,rennes
Entreprise de nettoyage,reims
Entreprise de nettoyage,toulon
Entreprise de nettoyage,le havre
Entreprise de nettoyage,grenoble
Entreprise de nettoyage,dijon
Entreprise de nettoyage,angers
Entreprise de nettoyage,nimes
Entreprise de nettoyage,saint-etienne
Entreprise de nettoyage,villeurbanne
Entreprise de nettoyage,clermont-ferrand
Entreprise de nettoyage,le mans
Entreprise de nettoyage,aix-en-provence
Entreprise de nettoyage,brest
Entreprise de nettoyage,tours
Entreprise de nettoyage,amiens
Entreprise de nettoyage,limoges
Entreprise de nettoyage,annecy
Entreprise de nettoyage,perpignan
Entreprise de nettoyage,besancon
Entreprise de nettoyage,boulogne-billancourt
Entreprise de nettoyage,metz
Entreprise de nettoyage,orléans
Entreprise de nettoyage,saint-denis
Entreprise de nettoyage,argenteuil
Entreprise de nettoyage,rouen
Entreprise de nettoyage,montreuil
Entreprise de nettoyage,nancy
Entreprise de nettoyage,avignon
Entreprise de nettoyage,tourcoing
Entreprise de nettoyage,nanterre
Entreprise de nettoyage,creteil
Entreprise de nettoyage,poitiers
Entreprise de nettoyage,versailles
Entreprise de nettoyage,pau
Entreprise de nettoyage,courbevoie
Entreprise de nettoyage,colombes
Entreprise de nettoyage,asnieres-sur-seine
Entreprise de nettoyage,aulnay-sous-bois
Entreprise de nettoyage,saint-paul
Clinique veterinaire,paris
Clinique veterinaire,marseille
Clinique veterinaire,lyon
Clinique veterinaire,toulouse
Clinique veterinaire,nice
Clinique veterinaire,nantes
Clinique veterinaire,montpellier
Clinique veterinaire,strasbourg
Clinique veterinaire,bordeaux
Clinique veterinaire,lille
Clinique veterinaire,rennes
Clinique veterinaire,reims
Clinique veterinaire,toulon
Clinique veterinaire,le havre
Clinique veterinaire,grenoble
Clinique veterinaire,dijon
Clinique veterinaire,angers
Clinique veterinaire,nimes
Clinique veterinaire,saint-etienne
Clinique veterinaire,villeurbanne
Clinique veterinaire,clermont-ferrand
Clinique veterinaire,le mans
Clinique veterinaire,aix-en-provence
Clinique veterinaire,brest
Clinique veterinaire,tours
Clinique veterinaire,amiens
Clinique veterinaire,limoges
Clinique veterinaire,annecy
Clinique veterinaire,perpignan
Clinique veterinaire,besancon
Clinique veterinaire,boulogne-billancourt
Clinique veterinaire,metz
Clinique veterinaire,orléans
Clinique veterinaire,saint-denis
Clinique veterinaire,argenteuil
Clinique veterinaire,rouen
Clinique veterinaire,montreuil
Clinique veterinaire,nancy
Clinique veterinaire,avignon
Clinique veterinaire,tourcoing
Clinique veterinaire,nanterre
Clinique veterinaire,creteil
Clinique veterinaire,poitiers
Clinique veterinaire,versailles
Clinique veterinaire,pau
Clinique veterinaire,courbevoie
Clinique veterinaire,colombes
Clinique veterinaire,asnieres-sur-seine
Clinique veterinaire,aulnay-sous-bois
Clinique veterinaire,saint-paul
Entreprise de renovation,paris
Entreprise de renovation,marseille
Entreprise de renovation,lyon
Entreprise de renovation,toulouse
Entreprise de renovation,nice
Entreprise de renovation,nantes
Entreprise de renovation,montpellier
Entreprise de renovation,strasbourg
Entreprise de renovation,bordeaux
Entreprise de renovation,lille
Entreprise de renovation,rennes
Entreprise de renovation,reims
Entreprise de renovation,toulon
Entreprise de renovation,le havre
Entreprise de renovation,grenoble
Entreprise de renovation,dijon
Entreprise de renovation,angers
Entreprise de renovation,nimes
Entreprise de renovation,saint-etienne
Entreprise de renovation,villeurbanne
Entreprise de renovation,clermont-ferrand
Entreprise de renovation,le mans
Entreprise de renovation,aix-en-provence
Entreprise de renovation,brest
Entreprise de renovation,tours
Entreprise de renovation,amiens
Entreprise de renovation,limoges
Entreprise de renovation,annecy
Entreprise de renovation,perpignan
Entreprise de renovation,besancon
Entreprise de renovation,boulogne-billancourt
Entreprise de renovation,metz
Entreprise de renovation,orléans
Entreprise de renovation,saint-denis
Entreprise de renovation,argenteuil
Entreprise de renovation,rouen
Entreprise de renovation,montreuil
Entreprise de renovation,nancy
Entreprise de renovation,avignon
Entreprise de renovation,tourcoing
Entreprise de renovation,nanterre
Entreprise de renovation,creteil
Entreprise de renovation,poitiers
Entreprise de renovation,versailles
Entreprise de renovation,pau
Entreprise de renovation,courbevoie
Entreprise de renovation,colombes
Entreprise de renovation,asnieres-sur-seine
Entreprise de renovation,aulnay-sous-bois
Entreprise de renovation,saint-paul
Cabinet de dermathologie,paris
Cabinet de dermathologie,marseille
Cabinet de dermathologie,lyon
Cabinet de dermathologie,toulouse
Cabinet de dermathologie,nice
Cabinet de dermathologie,nantes
Cabinet de dermathologie,montpellier
Cabinet de dermathologie,strasbourg
Cabinet de dermathologie,bordeaux
Cabinet de dermathologie,lille
Cabinet de dermathologie,rennes
Cabinet de dermathologie,reims
Cabinet de dermathologie,toulon
Cabinet de dermathologie,le havre
Cabinet de dermathologie,grenoble
Cabinet de dermathologie,dijon
Cabinet de dermathologie,angers
Cabinet de dermathologie,nimes
Cabinet de dermathologie,saint-etienne
Cabinet de dermathologie,villeurbanne
Cabinet de dermathologie,clermont-ferrand
Cabinet de dermathologie,le mans
Cabinet de dermathologie,aix-en-provence
Cabinet de dermathologie,brest
Cabinet de dermathologie,tours
Cabinet de dermathologie,amiens
Cabinet de dermathologie,limoges
Cabinet de dermathologie,annecy
Cabinet de dermathologie,perpignan
Cabinet de dermathologie,besancon
Cabinet de dermathologie,boulogne-billancourt
Cabinet de dermathologie,metz
Cabinet de dermathologie,orléans
Cabinet de dermathologie,saint-denis
Cabinet de dermathologie,argenteuil
Cabinet de dermathologie,rouen
Cabinet de dermathologie,montreuil
Cabinet de dermathologie,nancy
Cabinet de dermathologie,avignon
Cabinet de dermathologie,tourcoing
Cabinet de dermathologie,nanterre
Cabinet de dermathologie,creteil
Cabinet de dermathologie,poitiers
Cabinet de dermathologie,versailles
Cabinet de dermathologie,pau
Cabinet de dermathologie,courbevoie
Cabinet de dermathologie,colombes
Cabinet de dermathologie,asnieres-sur-seine
Cabinet de dermathologie,aulnay-sous-bois
Cabinet de dermathologie,saint-paul
Paysagiste,paris
Paysagiste,marseille
Paysagiste,lyon
Paysagiste,toulouse
Paysagiste,nice
Paysagiste,nantes
Paysagiste,montpellier
Paysagiste,strasbourg
Paysagiste,bordeaux
Paysagiste,lille
Paysagiste,rennes
Paysagiste,reims
Paysagiste,toulon
Paysagiste,le havre
Paysagiste,grenoble
Paysagiste,dijon
Paysagiste,angers
Paysagiste,nimes
Paysagiste,saint-etienne
Paysagiste,villeurbanne
Paysagiste,clermont-ferrand
Paysagiste,le mans
Paysagiste,aix-en-provence
Paysagiste,brest
Paysagiste,tours
Paysagiste,amiens
Paysagiste,limoges
Paysagiste,annecy
Paysagiste,perpignan
Paysagiste,besancon
Paysagiste,boulogne-billancourt
Paysagiste,metz
Paysagiste,orléans
Paysagiste,saint-denis
Paysagiste,argenteuil
Paysagiste,rouen
Paysagiste,montreuil
Paysagiste,nancy
Paysagiste,avignon
Paysagiste,tourcoing
Paysagiste,nanterre
Paysagiste,creteil
Paysagiste,poitiers
Paysagiste,versailles
Paysagiste,pau
Paysagiste,courbevoie
Paysagiste,colombes
Paysagiste,asnieres-sur-seine
Paysagiste,aulnay-sous-bois
Paysagiste,saint-paul
Pisciniste & SPA,paris
Pisciniste & SPA,marseille
Pisciniste & SPA,lyon
Pisciniste & SPA,toulouse
Pisciniste & SPA,nice
Pisciniste & SPA,nantes
Pisciniste & SPA,montpellier
Pisciniste & SPA,strasbourg
Pisciniste & SPA,bordeaux
Pisciniste & SPA,lille
Pisciniste & SPA,rennes
Pisciniste & SPA,reims
Pisciniste & SPA,toulon
Pisciniste & SPA,le havre
Pisciniste & SPA,grenoble
Pisciniste & SPA,dijon
Pisciniste & SPA,angers
Pisciniste & SPA,nimes
Pisciniste & SPA,saint-etienne
Pisciniste & SPA,villeurbanne
Pisciniste & SPA,clermont-ferrand
Pisciniste & SPA,le mans
Pisciniste & SPA,aix-en-provence
Pisciniste & SPA,brest
Pisciniste & SPA,tours
Pisciniste & SPA,amiens
Pisciniste & SPA,limoges
Pisciniste & SPA,annecy
Pisciniste & SPA,perpignan
Pisciniste & SPA,besancon
Pisciniste & SPA,boulogne-billancourt
Pisciniste & SPA,metz
Pisciniste & SPA,orléans
Pisciniste & SPA,saint-denis
Pisciniste & SPA,argenteuil
Pisciniste & SPA,rouen
Pisciniste & SPA,montreuil
Pisciniste & SPA,nancy
Pisciniste & SPA,avignon
Pisciniste & SPA,tourcoing
Pisciniste & SPA,nanterre
Pisciniste & SPA,creteil
Pisciniste & SPA,poitiers
Pisciniste & SPA,versailles
Pisciniste & SPA,pau
Pisciniste & SPA,courbevoie
Pisciniste & SPA,colombes
Pisciniste & SPA,asnieres-sur-seine
Pisciniste & SPA,aulnay-sous-bois
Pisciniste & SPA,saint-paul
Cuisiniste,paris
Cuisiniste,marseille
Cuisiniste,lyon
Cuisiniste,toulouse
Cuisiniste,nice
Cuisiniste,nantes
Cuisiniste,montpellier
Cuisiniste,strasbourg
Cuisiniste,bordeaux
Cuisiniste,lille
Cuisiniste,rennes
Cuisiniste,reims
Cuisiniste,toulon
Cuisiniste,le havre
Cuisiniste,grenoble
Cuisiniste,dijon
Cuisiniste,angers
Cuisiniste,nimes
Cuisiniste,saint-etienne
Cuisiniste,villeurbanne
Cuisiniste,clermont-ferrand
Cuisiniste,le mans
Cuisiniste,aix-en-provence
Cuisiniste,brest
Cuisiniste,tours
Cuisiniste,amiens
Cuisiniste,limoges
Cuisiniste,annecy
Cuisiniste,perpignan
Cuisiniste,besancon
Cuisiniste,boulogne-billancourt
Cuisiniste,metz
Cuisiniste,orléans
Cuisiniste,saint-denis
Cuisiniste,argenteuil
Cuisiniste,rouen
Cuisiniste,montreuil
Cuisiniste,nancy
Cuisiniste,avignon
Cuisiniste,tourcoing
Cuisiniste,nanterre
Cuisiniste,creteil
Cuisiniste,poitiers
Cuisiniste,versailles
Cuisiniste,pau
Cuisiniste,courbevoie
Cuisiniste,colombes
Cuisiniste,asnieres-sur-seine
Cuisiniste,aulnay-sous-bois
Cuisiniste,saint-paul
Ecole pour permis bateau ou avion,paris
Ecole pour permis bateau ou avion,marseille
Ecole pour permis bateau ou avion,lyon
Ecole pour permis bateau ou avion,toulouse
Ecole pour permis bateau ou avion,nice
Ecole pour permis bateau ou avion,nantes
Ecole pour permis bateau ou avion,montpellier
Ecole pour permis bateau ou avion,strasbourg
Ecole pour permis bateau ou avion,bordeaux
Ecole pour permis bateau ou avion,lille
Ecole pour permis bateau ou avion,rennes
Ecole pour permis bateau ou avion,reims
Ecole pour permis bateau ou avion,toulon
Ecole pour permis bateau ou avion,le havre
Ecole pour permis bateau ou avion,grenoble
Ecole pour permis bateau ou avion,dijon
Ecole pour permis bateau ou avion,angers
Ecole pour permis bateau ou avion,nimes
Ecole pour permis bateau ou avion,saint-etienne
Ecole pour permis bateau ou avion,villeurbanne
Ecole pour permis bateau ou avion,clermont-ferrand
Ecole pour permis bateau ou avion,le mans
Ecole pour permis bateau ou avion,aix-en-provence
Ecole pour permis bateau ou avion,brest
Ecole pour permis bateau ou avion,tours
Ecole pour permis bateau ou avion,amiens
Ecole pour permis bateau ou avion,limoges
Ecole pour permis bateau ou avion,annecy
Ecole pour permis bateau ou avion,perpignan
Ecole pour permis bateau ou avion,besancon
Ecole pour permis bateau ou avion,boulogne-billancourt
Ecole pour permis bateau ou avion,metz
Ecole pour permis bateau ou avion,orléans
Ecole pour permis bateau ou avion,saint-denis
Ecole pour permis bateau ou avion,argenteuil
Ecole pour permis bateau ou avion,rouen
Ecole pour permis bateau ou avion,montreuil
Ecole pour permis bateau ou avion,nancy
Ecole pour permis bateau ou avion,avignon
Ecole pour permis bateau ou avion,tourcoing
Ecole pour permis bateau ou avion,nanterre
Ecole pour permis bateau ou avion,creteil
Ecole pour permis bateau ou avion,poitiers
Ecole pour permis bateau ou avion,versailles
Ecole pour permis bateau ou avion,pau
Ecole pour permis bateau ou avion,courbevoie
Ecole pour permis bateau ou avion,colombes
Ecole pour permis bateau ou avion,asnieres-sur-seine
Ecole pour permis bateau ou avion,aulnay-sous-bois
Ecole pour permis bateau ou avion,saint-paul
Centre de formation (enseignement superieur),paris
Centre de formation (enseignement superieur),marseille
Centre de formation (enseignement superieur),lyon
Centre de formation (enseignement superieur),toulouse
Centre de formation (enseignement superieur),nice
Centre de formation (enseignement superieur),nantes
Centre de formation (enseignement superieur),montpellier
Centre de formation (enseignement superieur),strasbourg
Centre de formation (enseignement superieur),bordeaux
Centre de formation (enseignement superieur),lille
Centre de formation (enseignement superieur),rennes
Centre de formation (enseignement superieur),reims
Centre de formation (enseignement superieur),toulon
Centre de formation (enseignement superieur),le havre
Centre de formation (enseignement superieur),grenoble
Centre de formation (enseignement superieur),dijon
Centre de formation (enseignement superieur),angers
Centre de formation (enseignement superieur),nimes
Centre de formation (enseignement superieur),saint-etienne
Centre de formation (enseignement superieur),villeurbanne
Centre de formation (enseignement superieur),clermont-ferrand
Centre de formation (enseignement superieur),le mans
Centre de formation (enseignement superieur),aix-en-provence
Centre de formation (enseignement superieur),brest
Centre de formation (enseignement superieur),tours
Centre de formation (enseignement superieur),amiens
Centre de formation (enseignement superieur),limoges
Centre de formation (enseignement superieur),annecy
Centre de formation (enseignement superieur),perpignan
Centre de formation (enseignement superieur),besancon
Centre de formation (enseignement superieur),boulogne-billancourt
Centre de formation (enseignement superieur),metz
Centre de formation (enseignement superieur),orléans
Centre de formation (enseignement superieur),saint-denis
Centre de formation (enseignement superieur),argenteuil
Centre de formation (enseignement superieur),rouen
Centre de formation (enseignement superieur),montreuil
Centre de formation (enseignement superieur),nancy
Centre de formation (enseignement superieur),avignon
Centre de formation (enseignement superieur),tourcoing
Centre de formation (enseignement superieur),nanterre
Centre de formation (enseignement superieur),creteil
Centre de formation (enseignement superieur),poitiers
Centre de formation (enseignement superieur),versailles
Centre de formation (enseignement superieur),pau
Centre de formation (enseignement superieur),courbevoie
Centre de formation (enseignement superieur),colombes
Centre de formation (enseignement superieur),asnieres-sur-seine
Centre de formation (enseignement superieur),aulnay-sous-bois
Centre de formation (enseignement superieur),saint-paul
Installateurs de fenetres,paris
Installateurs de fenetres,marseille
Installateurs de fenetres,lyon
Installateurs de fenetres,toulouse
Installateurs de fenetres,nice
Installateurs de fenetres,nantes
Installateurs de fenetres,montpellier
Installateurs de fenetres,strasbourg
Installateurs de fenetres,bordeaux
Installateurs de fenetres,lille
Installateurs de fenetres,rennes
Installateurs de fenetres,reims
Installateurs de fenetres,toulon
Installateurs de fenetres,le havre
Installateurs de fenetres,grenoble
Installateurs de fenetres,dijon
Installateurs de fenetres,angers
Installateurs de fenetres,nimes
Installateurs de fenetres,saint-etienne
Installateurs de fenetres,villeurbanne
Installateurs de fenetres,clermont-ferrand
Installateurs de fenetres,le mans
Installateurs de fenetres,aix-en-provence
Installateurs de fenetres,brest
Installateurs de fenetres,tours
Installateurs de fenetres,amiens
Installateurs de fenetres,limoges
Installateurs de fenetres,annecy
Installateurs de fenetres,perpignan
Installateurs de fenetres,besancon
Installateurs de fenetres,boulogne-billancourt
Installateurs de fenetres,metz
Installateurs de fenetres,orléans
Installateurs de fenetres,saint-denis
Installateurs de fenetres,argenteuil
Installateurs de fenetres,rouen
Installateurs de fenetres,montreuil
Installateurs de fenetres,nancy
Installateurs de fenetres,avignon
Installateurs de fenetres,tourcoing
Installateurs de fenetres,nanterre
Installateurs de fenetres,creteil
Installateurs de fenetres,poitiers
Installateurs de fenetres,versailles
Installateurs de fenetres,pau
Installateurs de fenetres,courbevoie
Installateurs de fenetres,colombes
Installateurs de fenetres,asnieres-sur-seine
Installateurs de fenetres,aulnay-sous-bois
Installateurs de fenetres,saint-paul
Installateurs de stores,paris
Installateurs de stores,marseille
Installateurs de stores,lyon
Installateurs de stores,toulouse
Installateurs de stores,nice
Installateurs de stores,nantes
Installateurs de stores,montpellier
Installateurs de stores,strasbourg
Installateurs de stores,bordeaux
Installateurs de stores,lille
Installateurs de stores,rennes
Installateurs de stores,reims
Installateurs de stores,toulon
Installateurs de stores,le havre
Installateurs de stores,grenoble
Installateurs de stores,dijon
Installateurs de stores,angers
Installateurs de stores,nimes
Installateurs de stores,saint-etienne
Installateurs de stores,villeurbanne
Installateurs de stores,clermont-ferrand
Installateurs de stores,le mans
Installateurs de stores,aix-en-provence
Installateurs de stores,brest
Installateurs de stores,tours
Installateurs de stores,amiens
Installateurs de stores,limoges
Installateurs de stores,annecy
Installateurs de stores,perpignan
Installateurs de stores,besancon
Installateurs de stores,boulogne-billancourt
Installateurs de stores,metz
Installateurs de stores,orléans
Installateurs de stores,saint-denis
Installateurs de stores,argenteuil
Installateurs de stores,rouen
Installateurs de stores,montreuil
Installateurs de stores,nancy
Installateurs de stores,avignon
Installateurs de stores,tourcoing
Installateurs de stores,nanterre
Installateurs de stores,creteil
Installateurs de stores,poitiers
Installateurs de stores,versailles
Installateurs de stores,pau
Installateurs de stores,courbevoie
Installateurs de stores,colombes
Installateurs de stores,asnieres-sur-seine
Installateurs de stores,aulnay-sous-bois
Installateurs de stores,saint-paul
Cabinet comptable,paris
Cabinet comptable,marseille
Cabinet comptable,lyon
Cabinet comptable,toulouse
Cabinet comptable,nice
Cabinet comptable,nantes
Cabinet comptable,montpellier
Cabinet comptable,strasbourg
Cabinet comptable,bordeaux
Cabinet comptable,lille
Cabinet comptable,rennes
Cabinet comptable,reims
Cabinet comptable,toulon
Cabinet comptable,le havre
Cabinet comptable,grenoble
Cabinet comptable,dijon
Cabinet comptable,angers
Cabinet comptable,nimes
Cabinet comptable,saint-etienne
Cabinet comptable,villeurbanne
Cabinet comptable,clermont-ferrand
Cabinet comptable,le mans
Cabinet comptable,aix-en-provence
Cabinet comptable,brest
Cabinet comptable,tours
Cabinet comptable,amiens
Cabinet comptable,limoges
Cabinet comptable,annecy
Cabinet comptable,perpignan
Cabinet comptable,besancon
Cabinet comptable,boulogne-billancourt
Cabinet comptable,metz
Cabinet comptable,orléans
Cabinet comptable,saint-denis
Cabinet comptable,argenteuil
Cabinet comptable,rouen
Cabinet comptable,montreuil
Cabinet comptable,nancy
Cabinet comptable,avignon
Cabinet comptable,tourcoing
Cabinet comptable,nanterre
Cabinet comptable,creteil
Cabinet comptable,poitiers
Cabinet comptable,versailles
Cabinet comptable,pau
Cabinet comptable,courbevoie
Cabinet comptable,colombes
Cabinet comptable,asnieres-sur-seine
Cabinet comptable,aulnay-sous-bois
Cabinet comptable,saint-paul
Fiscaliste,paris
Fiscaliste,marseille
Fiscaliste,lyon
Fiscaliste,toulouse
Fiscaliste,nice
Fiscaliste,nantes
Fiscaliste,montpellier
Fiscaliste,strasbourg
Fiscaliste,bordeaux
Fiscaliste,lille
Fiscaliste,rennes
Fiscaliste,reims
Fiscaliste,toulon
Fiscaliste,le havre
Fiscaliste,grenoble
Fiscaliste,dijon
Fiscaliste,angers
Fiscaliste,nimes
Fiscaliste,saint-etienne
Fiscaliste,villeurbanne
Fiscaliste,clermont-ferrand
Fiscaliste,le mans
Fiscaliste,aix-en-provence
Fiscaliste,brest
Fiscaliste,tours
Fiscaliste,amiens
Fiscaliste,limoges
Fiscaliste,annecy
Fiscaliste,perpignan
Fiscaliste,besancon
Fiscaliste,boulogne-billancourt
Fiscaliste,metz
Fiscaliste,orléans
Fiscaliste,saint-denis
Fiscaliste,argenteuil
Fiscaliste,rouen
Fiscaliste,montreuil
Fiscaliste,nancy
Fiscaliste,avignon
Fiscaliste,tourcoing
Fiscaliste,nanterre
Fiscaliste,creteil
Fiscaliste,poitiers
Fiscaliste,versailles
Fiscaliste,pau
Fiscaliste,courbevoie
Fiscaliste,colombes
Fiscaliste,asnieres-sur-seine
Fiscaliste,aulnay-sous-bois
Fiscaliste,saint-paul
Traiteurs,paris
Traiteurs,marseille
Traiteurs,lyon
Traiteurs,toulouse
Traiteurs,nice
Traiteurs,nantes
Traiteurs,montpellier
Traiteurs,strasbourg
Traiteurs,bordeaux
Traiteurs,lille
Traiteurs,rennes
Traiteurs,reims
Traiteurs,toulon
Traiteurs,le havre
Traiteurs,grenoble
Traiteurs,dijon
Traiteurs,angers
Traiteurs,nimes
Traiteurs,saint-etienne
Traiteurs,villeurbanne
Traiteurs,clermont-ferrand
Traiteurs,le mans
Traiteurs,aix-en-provence
Traiteurs,brest
Traiteurs,tours
Traiteurs,amiens
Traiteurs,limoges
Traiteurs,annecy
Traiteurs,perpignan
Traiteurs,besancon
Traiteurs,boulogne-billancourt
Traiteurs,metz
Traiteurs,orléans
Traiteurs,saint-denis
Traiteurs,argenteuil
Traiteurs,rouen
Traiteurs,montreuil
Traiteurs,nancy
Traiteurs,avignon
Traiteurs,tourcoing
Traiteurs,nanterre
Traiteurs,creteil
Traiteurs,poitiers
Traiteurs,versailles
Traiteurs,pau
Traiteurs,courbevoie
Traiteurs,colombes
Traiteurs,asnieres-sur-seine
Traiteurs,aulnay-sous-bois
Traiteurs,saint-paul
Cabinet de recrutement specialise,paris
Cabinet de recrutement specialise,marseille
Cabinet de recrutement specialise,lyon
Cabinet de recrutement specialise,toulouse
Cabinet de recrutement specialise,nice
Cabinet de recrutement specialise,nantes
Cabinet de recrutement specialise,montpellier
Cabinet de recrutement specialise,strasbourg
Cabinet de recrutement specialise,bordeaux
Cabinet de recrutement specialise,lille
Cabinet de recrutement specialise,rennes
Cabinet de recrutement specialise,reims
Cabinet de recrutement specialise,toulon
Cabinet de recrutement specialise,le havre
Cabinet de recrutement specialise,grenoble
Cabinet de recrutement specialise,dijon
Cabinet de recrutement specialise,angers
Cabinet de recrutement specialise,nimes
Cabinet de recrutement specialise,saint-etienne
Cabinet de recrutement specialise,villeurbanne
Cabinet de recrutement specialise,clermont-ferrand
Cabinet de recrutement specialise,le mans
Cabinet de recrutement specialise,aix-en-provence
Cabinet de recrutement specialise,brest
Cabinet de recrutement specialise,tours
Cabinet de recrutement specialise,amiens
Cabinet de recrutement specialise,limoges
Cabinet de recrutement specialise,annecy
Cabinet de recrutement specialise,perpignan
Cabinet de recrutement specialise,besancon
Cabinet de recrutement specialise,boulogne-billancourt
Cabinet de recrutement specialise,metz
Cabinet de recrutement specialise,orléans
Cabinet de recrutement specialise,saint-denis
Cabinet de recrutement specialise,argenteuil
Cabinet de recrutement specialise,rouen
Cabinet de recrutement specialise,montreuil
Cabinet de recrutement specialise,nancy
Cabinet de recrutement specialise,avignon
Cabinet de recrutement specialise,tourcoing
Cabinet de recrutement specialise,nanterre
Cabinet de recrutement specialise,creteil
Cabinet de recrutement specialise,poitiers
Cabinet de recrutement specialise,versailles
Cabinet de recrutement specialise,pau
Cabinet de recrutement specialise,courbevoie
Cabinet de recrutement specialise,colombes
Cabinet de recrutement specialise,asnieres-sur-seine
Cabinet de recrutement specialise,aulnay-sous-bois
Cabinet de recrutement specialise,saint-paul
Cabinet d'avocat,paris
Cabinet d'avocat,marseille
Cabinet d'avocat,lyon
Cabinet d'avocat,toulouse
Cabinet d'avocat,nice
Cabinet d'avocat,nantes
Cabinet d'avocat,montpellier
Cabinet d'avocat,strasbourg
Cabinet d'avocat,bordeaux
Cabinet d'avocat,lille
Cabinet d'avocat,rennes
Cabinet d'avocat,reims
Cabinet d'avocat,toulon
Cabinet d'avocat,le havre
Cabinet d'avocat,grenoble
Cabinet d'avocat,dijon
Cabinet d'avocat,angers
Cabinet d'avocat,nimes
Cabinet d'avocat,saint-etienne
Cabinet d'avocat,villeurbanne
Cabinet d'avocat,clermont-ferrand
Cabinet d'avocat,le mans
Cabinet d'avocat,aix-en-provence
Cabinet d'avocat,brest
Cabinet d'avocat,tours
Cabinet d'avocat,amiens
Cabinet d'avocat,limoges
Cabinet d'avocat,annecy
Cabinet d'avocat,perpignan
Cabinet d'avocat,besancon
Cabinet d'avocat,boulogne-billancourt
Cabinet d'avocat,metz
Cabinet d'avocat,orléans
Cabinet d'avocat,saint-denis
Cabinet d'avocat,argenteuil
Cabinet d'avocat,rouen
Cabinet d'avocat,montreuil
Cabinet d'avocat,nancy
Cabinet d'avocat,avignon
Cabinet d'avocat,tourcoing
Cabinet d'avocat,nanterre
Cabinet d'avocat,creteil
Cabinet d'avocat,poitiers
Cabinet d'avocat,versailles
Cabinet d'avocat,pau
Cabinet d'avocat,courbevoie
Cabinet d'avocat,colombes
Cabinet d'avocat,asnieres-sur-seine
Cabinet d'avocat,aulnay-sous-bois
Cabinet d'avocat,saint-paul
Agence d'interim,paris
Agence d'interim,marseille
Agence d'interim,lyon
Agence d'interim,toulouse
Agence d'interim,nice
Agence d'interim,nantes
Agence d'interim,montpellier
Agence d'interim,strasbourg
Agence d'interim,bordeaux
Agence d'interim,lille
Agence d'interim,rennes
Agence d'interim,reims
Agence d'interim,toulon
Agence d'interim,le havre
Agence d'interim,grenoble
Agence d'interim,dijon
Agence d'interim,angers
Agence d'interim,nimes
Agence d'interim,saint-etienne
Agence d'interim,villeurbanne
Agence d'interim,clermont-ferrand
Agence d'interim,le mans
Agence d'interim,aix-en-provence
Agence d'interim,brest
Agence d'interim,tours
Agence d'interim,amiens
Agence d'interim,limoges
Agence d'interim,annecy
Agence d'interim,perpignan
Agence d'interim,besancon
Agence d'interim,boulogne-billancourt
Agence d'interim,metz
Agence d'interim,orléans
Agence d'interim,saint-denis
Agence d'interim,argenteuil
Agence d'interim,rouen
Agence d'interim,montreuil
Agence d'interim,nancy
Agence d'interim,avignon
Agence d'interim,tourcoing
Agence d'interim,nanterre
Agence d'interim,creteil
Agence d'interim,poitiers
Agence d'interim,versailles
Agence d'interim,pau
Agence d'interim,courbevoie
Agence d'interim,colombes
Agence d'interim,asnieres-sur-seine
Agence d'interim,aulnay-sous-bois
Agence d'interim,saint-paul
Entreprise de vente panneaux solaires,paris
Entreprise de vente panneaux solaires,marseille
Entreprise de vente panneaux solaires,lyon
Entreprise de vente panneaux solaires,toulouse
Entreprise de vente panneaux solaires,nice
Entreprise de vente panneaux solaires,nantes
Entreprise de vente panneaux solaires,montpellier
Entreprise de vente panneaux solaires,strasbourg
Entreprise de vente panneaux solaires,bordeaux
Entreprise de vente panneaux solaires,lille
Entreprise de vente panneaux solaires,rennes
Entreprise de vente panneaux solaires,reims
Entreprise de vente panneaux solaires,toulon
Entreprise de vente panneaux solaires,le havre
Entreprise de vente panneaux solaires,grenoble
Entreprise de vente panneaux solaires,dijon
Entreprise de vente panneaux solaires,angers
Entreprise de vente panneaux solaires,nimes
Entreprise de vente panneaux solaires,saint-etienne
Entreprise de vente panneaux solaires,villeurbanne
Entreprise de vente panneaux solaires,clermont-ferrand
Entreprise de vente panneaux solaires,le mans
Entreprise de vente panneaux solaires,aix-en-provence
Entreprise de vente panneaux solaires,brest
Entreprise de vente panneaux solaires,tours
Entreprise de vente panneaux solaires,amiens
Entreprise de vente panneaux solaires,limoges
Entreprise de vente panneaux solaires,annecy
Entreprise de vente panneaux solaires,perpignan
Entreprise de vente panneaux solaires,besancon
Entreprise de vente panneaux solaires,boulogne-billancourt
Entreprise de vente panneaux solaires,metz
Entreprise de vente panneaux solaires,orléans
Entreprise de vente panneaux solaires,saint-denis
Entreprise de vente panneaux solaires,argenteuil
Entreprise de vente panneaux solaires,rouen
Entreprise de vente panneaux solaires,montreuil
Entreprise de vente panneaux solaires,nancy
Entreprise de vente panneaux solaires,avignon
Entreprise de vente panneaux solaires,tourcoing
Entreprise de vente panneaux solaires,nanterre
Entreprise de vente panneaux solaires,creteil
Entreprise de vente panneaux solaires,poitiers
Entreprise de vente panneaux solaires,versailles
Entreprise de vente panneaux solaires,pau
Entreprise de vente panneaux solaires,courbevoie
Entreprise de vente panneaux solaires,colombes
Entreprise de vente panneaux solaires,asnieres-sur-seine
Entreprise de vente panneaux solaires,aulnay-sous-bois
Entreprise de vente panneaux solaires,saint-paul
Marques e-commerce,paris
Marques e-commerce,marseille
Marques e-commerce,lyon
Marques e-commerce,toulouse
Marques e-commerce,nice
Marques e-commerce,nantes
Marques e-commerce,montpellier
Marques e-commerce,strasbourg
Marques e-commerce,bordeaux
Marques e-commerce,lille
Marques e-commerce,rennes
Marques e-commerce,reims
Marques e-commerce,toulon
Marques e-commerce,le havre
Marques e-commerce,grenoble
Marques e-commerce,dijon
Marques e-commerce,angers
Marques e-commerce,nimes
Marques e-commerce,saint-etienne
Marques e-commerce,villeurbanne
Marques e-commerce,clermont-ferrand
Marques e-commerce,le mans
Marques e-commerce,aix-en-provence
Marques e-commerce,brest
Marques e-commerce,tours
Marques e-commerce,amiens
Marques e-commerce,limoges
Marques e-commerce,annecy
Marques e-commerce,perpignan
Marques e-commerce,besancon
Marques e-commerce,boulogne-billancourt
Marques e-commerce,metz
Marques e-commerce,orléans
Marques e-commerce,saint-denis
Marques e-commerce,argenteuil
Marques e-commerce,rouen
Marques e-commerce,montreuil
Marques e-commerce,nancy
Marques e-commerce,avignon
Marques e-commerce,tourcoing
Marques e-commerce,nanterre
Marques e-commerce,creteil
Marques e-commerce,poitiers
Marques e-commerce,versailles
Marques e-commerce,pau
Marques e-commerce,courbevoie
Marques e-commerce,colombes
Marques e-commerce,asnieres-sur-seine
Marques e-commerce,aulnay-sous-bois
Marques e-commerce,saint-paul
Magasins d'electromenagers,paris
Magasins d'electromenagers,marseille
Magasins d'electromenagers,lyon
Magasins d'electromenagers,toulouse
Magasins d'electromenagers,nice
Magasins d'electromenagers,nantes
Magasins d'electromenagers,montpellier
Magasins d'electromenagers,strasbourg
Magasins d'electromenagers,bordeaux
Magasins d'electromenagers,lille
Magasins d'electromenagers,rennes
Magasins d'electromenagers,reims
Magasins d'electromenagers,toulon
Magasins d'electromenagers,le havre
Magasins d'electromenagers,grenoble
Magasins d'electromenagers,dijon
Magasins d'electromenagers,angers
Magasins d'electromenagers,nimes
Magasins d'electromenagers,saint-etienne
Magasins d'electromenagers,villeurbanne
Magasins d'electromenagers,clermont-ferrand
Magasins d'electromenagers,le mans
Magasins d'electromenagers,aix-en-provence
Magasins d'electromenagers,brest
Magasins d'electromenagers,tours
Magasins d'electromenagers,amiens
Magasins d'electromenagers,limoges
Magasins d'electromenagers,annecy
Magasins d'electromenagers,perpignan
Magasins d'electromenagers,besancon
Magasins d'electromenagers,boulogne-billancourt
Magasins d'electromenagers,metz
Magasins d'electromenagers,orléans
Magasins d'electromenagers,saint-denis
Magasins d'electromenagers,argenteuil
Magasins d'electromenagers,rouen
Magasins d'electromenagers,montreuil
Magasins d'electromenagers,nancy
Magasins d'electromenagers,avignon
Magasins d'electromenagers,tourcoing
Magasins d'electromenagers,nanterre
Magasins d'electromenagers,creteil
Magasins d'electromenagers,poitiers
Magasins d'electromenagers,versailles
Magasins d'electromenagers,pau
Magasins d'electromenagers,courbevoie
Magasins d'electromenagers,colombes
Magasins d'electromenagers,asnieres-sur-seine
Magasins d'electromenagers,aulnay-sous-bois
Magasins d'electromenagers,saint-paul
Clinique dentaire,paris
Clinique dentaire,marseille
Clinique dentaire,lyon
Clinique dentaire,toulouse
Clinique dentaire,nice
Clinique dentaire,nantes
Clinique dentaire,montpellier
Clinique dentaire,strasbourg
Clinique dentaire,bordeaux
Clinique dentaire,lille
Clinique dentaire,rennes
Clinique dentaire,reims
Clinique dentaire,toulon
Clinique dentaire,le havre
Clinique dentaire,grenoble
Clinique dentaire,dijon
Clinique dentaire,angers
Clinique dentaire,nimes
Clinique dentaire,saint-etienne
Clinique dentaire,villeurbanne
Clinique dentaire,clermont-ferrand
Clinique dentaire,le mans
Clinique dentaire,aix-en-provence
Clinique dentaire,brest
Clinique dentaire,tours
Clinique dentaire,amiens
Clinique dentaire,limoges
Clinique dentaire,annecy
Clinique dentaire,perpignan
Clinique dentaire,besancon
Clinique dentaire,boulogne-billancourt
Clinique dentaire,metz
Clinique dentaire,orléans
Clinique dentaire,saint-denis
Clinique dentaire,argenteuil
Clinique dentaire,rouen
Clinique dentaire,montreuil
Clinique dentaire,nancy
Clinique dentaire,avignon
Clinique dentaire,tourcoing
Clinique dentaire,nanterre
Clinique dentaire,creteil
Clinique dentaire,poitiers
Clinique dentaire,versailles
Clinique dentaire,pau
Clinique dentaire,courbevoie
Clinique dentaire,colombes
Clinique dentaire,asnieres-sur-seine
Clinique dentaire,aulnay-sous-bois
Clinique dentaire,saint-paul
Clinique de chirurgie esthetique / laser pour les yeux,paris
Clinique de chirurgie esthetique / laser pour les yeux,marseille
Clinique de chirurgie esthetique / laser pour les yeux,lyon
Clinique de chirurgie esthetique / laser pour les yeux,toulouse
Clinique de chirurgie esthetique / laser pour les yeux,nice
Clinique de chirurgie esthetique / laser pour les yeux,nantes
Clinique de chirurgie esthetique / laser pour les yeux,montpellier
Clinique de chirurgie esthetique / laser pour les yeux,strasbourg
Clinique de chirurgie esthetique / laser pour les yeux,bordeaux
Clinique de chirurgie esthetique / laser pour les yeux,lille
Clinique de chirurgie esthetique / laser pour les yeux,rennes
Clinique de chirurgie esthetique / laser pour les yeux,reims
Clinique de chirurgie esthetique / laser pour les yeux,toulon
Clinique de chirurgie esthetique / laser pour les yeux,le havre
Clinique de chirurgie esthetique / laser pour les yeux,grenoble
Clinique de chirurgie esthetique / laser pour les yeux,dijon
Clinique de chirurgie esthetique / laser pour les yeux,angers
Clinique de chirurgie esthetique / laser pour les yeux,nimes
Clinique de chirurgie esthetique / laser pour les yeux,saint-etienne
Clinique de chirurgie esthetique / laser pour les yeux,villeurbanne
Clinique de chirurgie esthetique / laser pour les yeux,clermont-ferrand
Clinique de chirurgie esthetique / laser pour les yeux,le mans
Clinique de chirurgie esthetique / laser pour les yeux,aix-en-provence
Clinique de chirurgie esthetique / laser pour les yeux,brest
Clinique de chirurgie esthetique / laser pour les yeux,tours
Clinique de chirurgie esthetique / laser pour les yeux,amiens
Clinique de chirurgie esthetique / laser pour les yeux,limoges
Clinique de chirurgie esthetique / laser pour les yeux,annecy
Clinique de chirurgie esthetique / laser pour les yeux,perpignan
Clinique de chirurgie esthetique / laser pour les yeux,besancon
Clinique de chirurgie esthetique / laser pour les yeux,boulogne-billancourt
Clinique de chirurgie esthetique / laser pour les yeux,metz
Clinique de chirurgie esthetique / laser pour les yeux,orléans
Clinique de chirurgie esthetique / laser pour les yeux,saint-denis
Clinique de chirurgie esthetique / laser pour les yeux,argenteuil
Clinique de chirurgie esthetique / laser pour les yeux,rouen
Clinique de chirurgie esthetique / laser pour les yeux,montreuil
Clinique de chirurgie esthetique / laser pour les yeux,nancy
Clinique de chirurgie esthetique / laser pour les yeux,avignon
Clinique de chirurgie esthetique / laser pour les yeux,tourcoing
Clinique de chirurgie esthetique / laser pour les yeux,nanterre
Clinique de chirurgie esthetique / laser pour les yeux,creteil
Clinique de chirurgie esthetique / laser pour les yeux,poitiers
Clinique de chirurgie esthetique / laser pour les yeux,versailles
Clinique de chirurgie esthetique / laser pour les yeux,pau
Clinique de chirurgie esthetique / laser pour les yeux,courbevoie
Clinique de chirurgie esthetique / laser pour les yeux,colombes
Clinique de chirurgie esthetique / laser pour les yeux,asnieres-sur-seine
Clinique de chirurgie esthetique / laser pour les yeux,aulnay-sous-bois
Clinique de chirurgie esthetique / laser pour les yeux,saint-paul
Courtier en assurance,paris
Courtier en assurance,marseille
Courtier en assurance,lyon
Courtier en assurance,toulouse
Courtier en assurance,nice
Courtier en assurance,nantes
Courtier en assurance,montpellier
Courtier en assurance,strasbourg
Courtier en assurance,bordeaux
Courtier en assurance,lille
Courtier en assurance,rennes
Courtier en assurance,reims
Courtier en assurance,toulon
Courtier en assurance,le havre
Courtier en assurance,grenoble
Courtier en assurance,dijon
Courtier en assurance,angers
Courtier en assurance,nimes
Courtier en assurance,saint-etienne
Courtier en assurance,villeurbanne
Courtier en assurance,clermont-ferrand
Courtier en assurance,le mans
Courtier en assurance,aix-en-provence
Courtier en assurance,brest
Courtier en assurance,tours
Courtier en assurance,amiens
Courtier en assurance,limoges
Courtier en assurance,annecy
Courtier en assurance,perpignan
Courtier en assurance,besancon
Courtier en assurance,boulogne-billancourt
Courtier en assurance,metz
Courtier en assurance,orléans
Courtier en assurance,saint-denis
Courtier en assurance,argenteuil
Courtier en assurance,rouen
Courtier en assurance,montreuil
Courtier en assurance,nancy
Courtier en assurance,avignon
Courtier en assurance,tourcoing
Courtier en assurance,nanterre
Courtier en assurance,creteil
Courtier en assurance,poitiers
Courtier en assurance,versailles
Courtier en assurance,pau
Courtier en assurance,courbevoie
Courtier en assurance,colombes
Courtier en assurance,asnieres-sur-seine
Courtier en assurance,aulnay-sous-bois
Courtier en assurance,saint-paul
Opticien,paris
Opticien,marseille
Opticien,lyon
Opticien,toulouse
Opticien,nice
Opticien,nantes
Opticien,montpellier
Opticien,strasbourg
Opticien,bordeaux
Opticien,lille
Opticien,rennes
Opticien,reims
Opticien,toulon
Opticien,le havre
Opticien,grenoble
Opticien,dijon
Opticien,angers
Opticien,nimes
Opticien,saint-etienne
Opticien,villeurbanne
Opticien,clermont-ferrand
Opticien,le mans
Opticien,aix-en-provence
Opticien,brest
Opticien,tours
Opticien,amiens
Opticien,limoges
Opticien,annecy
Opticien,perpignan
Opticien,besancon
Opticien,boulogne-billancourt
Opticien,metz
Opticien,orléans
Opticien,saint-denis
Opticien,argenteuil
Opticien,rouen
Opticien,montreuil
Opticien,nancy
Opticien,avignon
Opticien,tourcoing
Opticien,nanterre
Opticien,creteil
Opticien,poitiers
Opticien,versailles
Opticien,pau
Opticien,courbevoie
Opticien,colombes
Opticien,asnieres-sur-seine
Opticien,aulnay-sous-bois
Opticien,saint-paul
Menuisier,paris
Menuisier,marseille
Menuisier,lyon
Menuisier,toulouse
Menuisier,nice
Menuisier,nantes
Menuisier,montpellier
Menuisier,strasbourg
Menuisier,bordeaux
Menuisier,lille
Menuisier,rennes
Menuisier,reims
Menuisier,toulon
Menuisier,le havre
Menuisier,grenoble
Menuisier,dijon
Menuisier,angers
Menuisier,nimes
Menuisier,saint-etienne
Menuisier,villeurbanne
Menuisier,clermont-ferrand
Menuisier,le mans
Menuisier,aix-en-provence
Menuisier,brest
Menuisier,tours
Menuisier,amiens
Menuisier,limoges
Menuisier,annecy
Menuisier,perpignan
Menuisier,besancon
Menuisier,boulogne-billancourt
Menuisier,metz
Menuisier,orléans
Menuisier,saint-denis
Menuisier,argenteuil
Menuisier,rouen
Menuisier,montreuil
Menuisier,nancy
Menuisier,avignon
Menuisier,tourcoing
Menuisier,nanterre
Menuisier,creteil
Menuisier,poitiers
Menuisier,versailles
Menuisier,pau
Menuisier,courbevoie
Menuisier,colombes
Menuisier,asnieres-sur-seine
Menuisier,aulnay-sous-bois
Menuisier,saint-paul
Constructeur escalier / garde corps,paris
Constructeur escalier / garde corps,marseille
Constructeur escalier / garde corps,lyon
Constructeur escalier / garde corps,toulouse
Constructeur escalier / garde corps,nice
Constructeur escalier / garde corps,nantes
Constructeur escalier / garde corps,montpellier
Constructeur escalier / garde corps,strasbourg
Constructeur escalier / garde corps,bordeaux
Constructeur escalier / garde corps,lille
Constructeur escalier / garde corps,rennes
Constructeur escalier / garde corps,reims
Constructeur escalier / garde corps,toulon
Constructeur escalier / garde corps,le havre
Constructeur escalier / garde corps,grenoble
Constructeur escalier / garde corps,dijon
Constructeur escalier / garde corps,angers
Constructeur escalier / garde corps,nimes
Constructeur escalier / garde corps,saint-etienne
Constructeur escalier / garde corps,villeurbanne
Constructeur escalier / garde corps,clermont-ferrand
Constructeur escalier / garde corps,le mans
Constructeur escalier / garde corps,aix-en-provence
Constructeur escalier / garde corps,brest
Constructeur escalier / garde corps,tours
Constructeur escalier / garde corps,amiens
Constructeur escalier / garde corps,limoges
Constructeur escalier / garde corps,annecy
Constructeur escalier / garde corps,perpignan
Constructeur escalier / garde corps,besancon
Constructeur escalier / garde corps,boulogne-billancourt
Constructeur escalier / garde corps,metz
Constructeur escalier / garde corps,orléans
Constructeur escalier / garde corps,saint-denis
Constructeur escalier / garde corps,argenteuil
Constructeur escalier / garde corps,rouen
Constructeur escalier / garde corps,montreuil
Constructeur escalier / garde corps,nancy
Constructeur escalier / garde corps,avignon
Constructeur escalier / garde corps,tourcoing
Constructeur escalier / garde corps,nanterre
Constructeur escalier / garde corps,creteil
Constructeur escalier / garde corps,poitiers
Constructeur escalier / garde corps,versailles
Constructeur escalier / garde corps,pau
Constructeur escalier / garde corps,courbevoie
Constructeur escalier / garde corps,colombes
Constructeur escalier / garde corps,asnieres-sur-seine
Constructeur escalier / garde corps,aulnay-sous-bois
Constructeur escalier / garde corps,saint-paul
Promoteur immobilier,paris
Promoteur immobilier,marseille
Promoteur immobilier,lyon
Promoteur immobilier,toulouse
Promoteur immobilier,nice
Promoteur immobilier,nantes
Promoteur immobilier,montpellier
Promoteur immobilier,strasbourg
Promoteur immobilier,bordeaux
Promoteur immobilier,lille
Promoteur immobilier,rennes
Promoteur immobilier,reims
Promoteur immobilier,toulon
Promoteur immobilier,le havre
Promoteur immobilier,grenoble
Promoteur immobilier,dijon
Promoteur immobilier,angers
Promoteur immobilier,nimes
Promoteur immobilier,saint-etienne
Promoteur immobilier,villeurbanne
Promoteur immobilier,clermont-ferrand
Promoteur immobilier,le mans
Promoteur immobilier,aix-en-provence
Promoteur immobilier,brest
Promoteur immobilier,tours
Promoteur immobilier,amiens
Promoteur immobilier,limoges
Promoteur immobilier,annecy
Promoteur immobilier,perpignan
Promoteur immobilier,besancon
Promoteur immobilier,boulogne-billancourt
Promoteur immobilier,metz
Promoteur immobilier,orléans
Promoteur immobilier,saint-denis
Promoteur immobilier,argenteuil
Promoteur immobilier,rouen
Promoteur immobilier,montreuil
Promoteur immobilier,nancy
Promoteur immobilier,avignon
Promoteur immobilier,tourcoing
Promoteur immobilier,nanterre
Promoteur immobilier,creteil
Promoteur immobilier,poitiers
Promoteur immobilier,versailles
Promoteur immobilier,pau
Promoteur immobilier,courbevoie
Promoteur immobilier,colombes
Promoteur immobilier,asnieres-sur-seine
Promoteur immobilier,aulnay-sous-bois
Promoteur immobilier,saint-paul
Cabinet de conseils,paris
Cabinet de conseils,marseille
Cabinet de conseils,lyon
Cabinet de conseils,toulouse
Cabinet de conseils,nice
Cabinet de conseils,nantes
Cabinet de conseils,montpellier
Cabinet de conseils,strasbourg
Cabinet de conseils,bordeaux
Cabinet de conseils,lille
Cabinet de conseils,rennes
Cabinet de conseils,reims
Cabinet de conseils,toulon
Cabinet de conseils,le havre
Cabinet de conseils,grenoble
Cabinet de conseils,dijon
Cabinet de conseils,angers
Cabinet de conseils,nimes
Cabinet de conseils,saint-etienne
Cabinet de conseils,villeurbanne
Cabinet de conseils,clermont-ferrand
Cabinet de conseils,le mans
Cabinet de conseils,aix-en-provence
Cabinet de conseils,brest
Cabinet de conseils,tours
Cabinet de conseils,amiens
Cabinet de conseils,limoges
Cabinet de conseils,annecy
Cabinet de conseils,perpignan
Cabinet de conseils,besancon
Cabinet de conseils,boulogne-billancourt
Cabinet de conseils,metz
Cabinet de conseils,orléans
Cabinet de conseils,saint-denis
Cabinet de conseils,argenteuil
Cabinet de conseils,rouen
Cabinet de conseils,montreuil
Cabinet de conseils,nancy
Cabinet de conseils,avignon
Cabinet de conseils,tourcoing
Cabinet de conseils,nanterre
Cabinet de conseils,creteil
Cabinet de conseils,poitiers
Cabinet de conseils,versailles
Cabinet de conseils,pau
Cabinet de conseils,courbevoie
Cabinet de conseils,colombes
Cabinet de conseils,asnieres-sur-seine
Cabinet de conseils,aulnay-sous-bois
Cabinet de conseils,saint-paul
Vendeurs de formations en ligne,paris
Vendeurs de formations en ligne,marseille
Vendeurs de formations en ligne,lyon
Vendeurs de formations en ligne,toulouse
Vendeurs de formations en ligne,nice
Vendeurs de formations en ligne,nantes
Vendeurs de formations en ligne,montpellier
Vendeurs de formations en ligne,strasbourg
Vendeurs de formations en ligne,bordeaux
Vendeurs de formations en ligne,lille
Vendeurs de formations en ligne,rennes
Vendeurs de formations en ligne,reims
Vendeurs de formations en ligne,toulon
Vendeurs de formations en ligne,le havre
Vendeurs de formations en ligne,grenoble
Vendeurs de formations en ligne,dijon
Vendeurs de formations en ligne,angers
Vendeurs de formations en ligne,nimes
Vendeurs de formations en ligne,saint-etienne
Vendeurs de formations en ligne,villeurbanne
Vendeurs de formations en ligne,clermont-ferrand
Vendeurs de formations en ligne,le mans
Vendeurs de formations en ligne,aix-en-provence
Vendeurs de formations en ligne,brest
Vendeurs de formations en ligne,tours
Vendeurs de formations en ligne,amiens
Vendeurs de formations en ligne,limoges
Vendeurs de formations en ligne,annecy
Vendeurs de formations en ligne,perpignan
Vendeurs de formations en ligne,besancon
Vendeurs de formations en ligne,boulogne-billancourt
Vendeurs de formations en ligne,metz
Vendeurs de formations en ligne,orléans
Vendeurs de formations en ligne,saint-denis
Vendeurs de formations en ligne,argenteuil
Vendeurs de formations en ligne,rouen
Vendeurs de formations en ligne,montreuil
Vendeurs de formations en ligne,nancy
Vendeurs de formations en ligne,avignon
Vendeurs de formations en ligne,tourcoing
Vendeurs de formations en ligne,nanterre
Vendeurs de formations en ligne,creteil
Vendeurs de formations en ligne,poitiers
Vendeurs de formations en ligne,versailles
Vendeurs de formations en ligne,pau
Vendeurs de formations en ligne,courbevoie
Vendeurs de formations en ligne,colombes
Vendeurs de formations en ligne,asnieres-sur-seine
Vendeurs de formations en ligne,aulnay-sous-bois
Vendeurs de formations en ligne,saint-paul
